"0","# initialize"
"0","msec <- NULL"
"0","homology_search <- NULL"
"0","mut_depth <- NULL"
"0",""
"0","# test data"
"0","sample_name <- ""sample"""
"0","read_length <- 150"
"0","adapter_1 <- ""AGATCGGAAGAGCACACGTCTGAACTCCAGTCA"""
"0","adapter_2 <- ""AGATCGGAAGAGCGTCGTGTAGGGAAAGAGTGT"""
"0","organism <- ""hg38"""
"0",""
"0","# load mutation information"
"0","df_mutation <- fun_load_mutation("
"0","   system.file(""extdata"", ""mutation_list.tsv"", package = ""MicroSEC""),"
"0","   ""sample"","
"0","   BSgenome.Hsapiens.UCSC.hg38::BSgenome.Hsapiens.UCSC.hg38)"
"2","Warning in file(file, ""rt"") :"
"2","
 "
"2"," file("""") only supports open = ""w+"" and open = ""w+b"": using the former
"
